scenario,frame,track_id,model,horizon_steps,horizon_seconds,ade_px,fde_px
controlled_npc_approach,259487,1,constant_position,5,1.010215900838375,4.079261951928489,14.32236014070308
controlled_npc_approach,259487,1,current_predictor,5,1.010215900838375,4.079261951928489,14.32236014070308
controlled_npc_approach,259492,1,constant_position,5,0.9935272000730038,9.148994952876368,25.770137756713698
controlled_npc_approach,259492,1,current_predictor,5,0.9935272000730038,9.148994952876368,25.770137756713698
controlled_npc_approach,259498,1,constant_position,5,0.9454638995230198,16.735006259395057,38.103018253151546
controlled_npc_approach,259498,1,current_predictor,5,0.9454638995230198,16.735006259395057,38.103018253151546
controlled_npc_approach,259503,1,constant_position,5,0.9425009004771709,26.597361847012177,49.809436856884844
controlled_npc_approach,259503,1,current_predictor,5,0.9425009004771709,26.597361847012177,49.809436856884844
controlled_npc_approach,259509,1,constant_position,5,0.9094913005828857,32.66178998996419,57.07889277132134
controlled_npc_approach,259509,1,current_predictor,5,0.9094913005828857,28.4974025495115,50.12554239108041
controlled_npc_approach,259514,1,constant_position,5,0.9364616014063358,35.99832086463759,60.53899569698854
controlled_npc_approach,259514,1,current_predictor,5,0.9364616014063358,25.304405802412685,42.71264449785332
controlled_npc_approach,259519,1,constant_position,5,0.9365870989859104,36.79002860058943,61.70510513725745
controlled_npc_approach,259519,1,current_predictor,5,0.9365870989859104,17.466793127731187,29.53320165508643
controlled_npc_approach,259524,1,constant_position,5,0.9271535016596317,36.70833158558232,61.278462774452834
controlled_npc_approach,259524,1,current_predictor,5,0.9271535016596317,8.224108315864612,13.805795884337863
controlled_npc_approach,259529,1,constant_position,5,0.9209736995398998,37.409362903960606,62.55493585641348
controlled_npc_approach,259529,1,current_predictor,5,0.9209736995398998,4.084615367897484,7.061161377563925
controlled_npc_approach,259534,1,constant_position,5,0.9456893019378185,38.01291741573799,66.1127824251861
controlled_npc_approach,259534,1,current_predictor,5,0.9456893019378185,1.8641528345568212,5.8249463516842654
controlled_npc_approach,259539,1,constant_position,5,0.9193920977413654,39.75511728598273,69.83695296904072
controlled_npc_approach,259539,1,current_predictor,5,0.9193920977413654,3.276727361011376,9.257429448826489
controlled_npc_approach,259544,1,constant_position,5,0.9102685004472733,42.045362195604845,74.9699273042198
controlled_npc_approach,259544,1,current_predictor,5,0.9102685004472733,5.8007538222642,14.405901568454501
controlled_npc_approach,259549,1,constant_position,5,0.9406635984778404,47.20433513866725,85.18245124437308
controlled_npc_approach,259549,1,current_predictor,5,0.9406635984778404,10.865265255737462,24.37047393876447
controlled_npc_approach,259554,1,constant_position,5,0.8969657011330128,52.27167811901303,90.94723745117277
controlled_npc_approach,259554,1,current_predictor,5,0.8969657011330128,15.225843806228264,29.19400623415704
controlled_npc_approach,259560,1,constant_position,5,0.8938178978860378,55.791235415800585,98.34276790898257
controlled_npc_approach,259560,1,current_predictor,5,0.8938178978860378,16.078594078361572,32.0538609218921
controlled_npc_approach,259565,1,constant_position,5,0.8814061023294926,60.521642470095436,103.82388935115074
controlled_npc_approach,259565,1,current_predictor,5,0.8814061023294926,17.84356301116166,32.93584673270143
controlled_npc_approach,259570,1,constant_position,5,0.8767408989369869,63.688958402917024,104.9209226036447
controlled_npc_approach,259570,1,current_predictor,5,0.8767408989369869,16.70903854489945,27.36220020393098
controlled_npc_approach,259576,1,constant_position,5,0.8409456014633179,63.386418096531244,108.63682616866163
controlled_npc_approach,259576,1,current_predictor,5,0.8409456014633179,11.085354657213696,23.04886114323222
controlled_npc_approach,259580,1,constant_position,5,0.8959851004183292,71.21560623799152,133.29474858373072
controlled_npc_approach,259580,1,current_predictor,5,0.8959851004183292,16.98908916512226,41.514575753583195
controlled_npc_approach,259586,1,constant_position,5,0.8756156004965305,69.0441428756172,106.59999999999998
controlled_npc_approach,259586,1,current_predictor,5,0.8756156004965305,14.649995769866276,22.884492565927683
controlled_npc_approach,259591,1,constant_position,5,0.8791262991726398,64.07279820709235,82.6900840488145
controlled_npc_approach,259591,1,current_predictor,5,0.8791262991726398,18.706251145130853,36.8647528134938
controlled_npc_approach,259596,1,constant_position,5,0.8753263019025326,57.3371824955687,62.30128409591572
controlled_npc_approach,259596,1,current_predictor,5,0.8753263019025326,23.7648838558747,48.0020832881241
controlled_npc_approach,259601,1,constant_position,5,0.8959611989557743,39.26364394267967,36.864752813493794
controlled_npc_approach,259601,1,current_predictor,5,0.8959611989557743,39.93344007378458,80.42412573351352
controlled_npc_approach,259606,1,constant_position,5,0.9054839983582497,19.625514724139787,23.829603437741042
controlled_npc_approach,259606,1,current_predictor,5,0.9054839983582497,92.5902194943263,149.96726309431662
controlled_npc_approach,259612,1,constant_position,5,0.9121748991310596,10.675174191398813,13.206059215375285
controlled_npc_approach,259612,1,current_predictor,5,0.9121748991310596,69.62391979196887,113.77961153036159
controlled_npc_approach,259617,1,constant_position,5,0.9017105996608734,5.711025570898854,7.334848328356915
controlled_npc_approach,259617,1,current_predictor,5,0.9017105996608734,5.711025570898854,7.334848328356915
controlled_npc_approach,259622,1,constant_position,5,0.9292339980602264,3.270217720824957,4.63249392876018
controlled_npc_approach,259622,1,current_predictor,5,0.9292339980602264,3.270217720824957,4.63249392876018
controlled_npc_approach,259628,1,constant_position,5,0.9355645999312401,2.426570881693104,3.612478373637712
controlled_npc_approach,259628,1,current_predictor,5,0.9355645999312401,2.426570881693104,3.612478373637712
controlled_npc_approach,259634,1,constant_position,5,0.9358167015016079,2.033695379237053,3.1064449134018393
controlled_npc_approach,259634,1,current_predictor,5,0.9358167015016079,2.033695379237053,3.1064449134018393
controlled_npc_approach,259640,1,constant_position,5,0.9339105002582073,1.7908018326179138,2.745906043549241
controlled_npc_approach,259640,1,current_predictor,5,0.9339105002582073,1.7908018326179138,2.745906043549241
controlled_npc_approach,259640,63,constant_position,5,0.9339105002582073,0.31448671253787247,0.20000000000004547
controlled_npc_approach,259640,63,current_predictor,5,0.9339105002582073,0.31448671253787247,0.20000000000004547
controlled_npc_approach,259645,1,constant_position,5,0.9562387019395828,1.576410936292028,2.5317977802344287
controlled_npc_approach,259645,1,current_predictor,5,0.9562387019395828,1.576410936292028,2.5317977802344287
controlled_npc_approach,259645,63,constant_position,5,0.9562387019395828,0.3734034996437433,0.509901951359283
controlled_npc_approach,259645,63,current_predictor,5,0.9562387019395828,0.3734034996437433,0.509901951359283
controlled_npc_approach,259651,1,constant_position,5,0.9559572003781796,1.4782649832967945,2.473863375370566
controlled_npc_approach,259651,1,current_predictor,5,0.9559572003781796,1.4782649832967945,2.473863375370566
controlled_npc_approach,259651,63,constant_position,5,0.9559572003781796,0.20472135954999687,0.20000000000004547
controlled_npc_approach,259651,63,current_predictor,5,0.9559572003781796,0.20472135954999687,0.20000000000004547
controlled_npc_approach,259657,1,constant_position,5,0.9231696985661983,1.4577931252062346,2.308679276122971
controlled_npc_approach,259657,1,current_predictor,5,0.9231696985661983,1.4577931252062346,2.308679276122971
controlled_npc_approach,259657,63,constant_position,5,0.9231696985661983,0.22472135954999004,0.0999999999999659
controlled_npc_approach,259657,63,current_predictor,5,0.9231696985661983,0.22472135954999004,0.0999999999999659
controlled_npc_approach,259663,1,constant_position,5,0.9175138995051384,1.285078864738651,1.941648783894733
controlled_npc_approach,259663,1,current_predictor,5,0.9175138995051384,1.285078864738651,1.941648783894733
controlled_npc_approach,259663,63,constant_position,5,0.9175138995051384,0.15313708498984221,0.10000000000002274
controlled_npc_approach,259663,63,current_predictor,5,0.9175138995051384,0.15313708498984221,0.10000000000002274
controlled_npc_approach,259669,1,constant_position,5,0.9230626001954079,1.2669302583953403,1.8681541692268966
controlled_npc_approach,259669,1,current_predictor,5,0.9230626001954079,1.2669302583953403,1.8681541692268966
controlled_npc_approach,259669,63,constant_position,5,0.9230626001954079,0.10324555320332043,0.0
controlled_npc_approach,259669,63,current_predictor,5,0.9230626001954079,0.10324555320332043,0.0
controlled_npc_approach,259674,1,constant_position,5,0.8772212974727154,1.0892673614513648,1.6492422502470945
controlled_npc_approach,259674,1,current_predictor,5,0.8772212974727154,1.0892673614513648,1.6492422502470945
controlled_npc_approach,259674,63,constant_position,5,0.8772212974727154,0.14796691275330098,0.22360679774990272
controlled_npc_approach,259674,63,current_predictor,5,0.8772212974727154,0.14796691275330098,0.22360679774990272
controlled_npc_approach,259680,1,constant_position,5,0.8840328007936478,0.8168158950092124,1.3152946437965525
controlled_npc_approach,259680,1,current_predictor,5,0.8840328007936478,0.8168158950092124,1.3152946437965525
controlled_npc_approach,259680,63,constant_position,5,0.8840328007936478,0.15625118400079976,0.316227766016784
controlled_npc_approach,259680,63,current_predictor,5,0.8840328007936478,0.15625118400079976,0.316227766016784
controlled_npc_approach,259685,1,constant_position,5,0.910444799810648,0.7251302780040192,1.1045361017187507
controlled_npc_approach,259685,1,current_predictor,5,0.910444799810648,0.7251302780040192,1.1045361017187507
controlled_npc_approach,259685,63,constant_position,5,0.910444799810648,0.2879669127533531,0.2999999999999545
controlled_npc_approach,259685,63,current_predictor,5,0.910444799810648,0.2879669127533531,0.2999999999999545
controlled_npc_approach,259691,1,constant_position,5,0.8833184987306595,0.7552887465578694,1.140175425099163
controlled_npc_approach,259691,1,current_predictor,5,0.8833184987306595,0.7552887465578694,1.140175425099163
controlled_npc_approach,259691,63,constant_position,5,0.8833184987306595,0.15981409569822494,0.09999999999990905
controlled_npc_approach,259691,63,current_predictor,5,0.8833184987306595,0.15981409569822494,0.09999999999990905
controlled_npc_approach,259697,1,constant_position,5,0.8530509024858475,0.6293151141706124,0.921954445729375
controlled_npc_approach,259697,1,current_predictor,5,0.8530509024858475,0.6293151141706124,0.921954445729375
controlled_npc_approach,259697,63,constant_position,5,0.8530509024858475,0.15416407864997547,0.2236067977500044
controlled_npc_approach,259697,63,current_predictor,5,0.8530509024858475,0.15416407864997547,0.2236067977500044
controlled_npc_approach,259701,1,constant_position,5,0.9071969017386436,0.5050744774557442,0.8544003745316946
controlled_npc_approach,259701,1,current_predictor,5,0.9071969017386436,0.5050744774557442,0.8544003745316946
controlled_npc_approach,259701,63,constant_position,5,0.9071969017386436,0.28944271909993835,0.22360679774990272
controlled_npc_approach,259701,63,current_predictor,5,0.9071969017386436,0.28944271909993835,0.22360679774990272
controlled_npc_approach,259707,1,constant_position,5,0.8444027975201607,0.4680332853765716,0.7615773105864148
controlled_npc_approach,259707,1,current_predictor,5,0.8444027975201607,0.4680332853765716,0.7615773105864148
controlled_npc_approach,259707,63,constant_position,5,0.8444027975201607,0.1741640786500117,0.2236067977500044
controlled_npc_approach,259707,63,current_predictor,5,0.8444027975201607,0.1741640786500117,0.2236067977500044
controlled_npc_approach,259713,1,constant_position,5,0.8532731011509895,0.5407078395170839,0.8062257748298831
controlled_npc_approach,259713,1,current_predictor,5,0.8532731011509895,0.5407078395170839,0.8062257748298831
controlled_npc_approach,259713,63,constant_position,5,0.8532731011509895,0.13999999999999774,0.20000000000004547
controlled_npc_approach,259713,63,current_predictor,5,0.8532731011509895,0.13999999999999774,0.20000000000004547
controlled_npc_approach,259718,1,constant_position,5,0.8919951021671295,0.39990206826513647,0.6324555320336939
controlled_npc_approach,259718,1,current_predictor,5,0.8919951021671295,0.39990206826513647,0.6324555320336939
controlled_npc_approach,259718,63,constant_position,5,0.8919951021671295,0.08944271910000176,0.0
controlled_npc_approach,259718,63,current_predictor,5,0.8919951021671295,0.08944271910000176,0.0
controlled_npc_approach,259723,1,constant_position,5,0.9193314984440804,0.43160403440273026,0.632455532033586
controlled_npc_approach,259723,1,current_predictor,5,0.9193314984440804,0.43160403440273026,0.632455532033586
controlled_npc_approach,259723,63,constant_position,5,0.9193314984440804,0.17888543820000352,0.2236067977500044
controlled_npc_approach,259723,63,current_predictor,5,0.9193314984440804,0.17888543820000352,0.2236067977500044
controlled_npc_approach,259729,1,constant_position,5,0.9267932996153831,0.312409415537599,0.509901951359283
controlled_npc_approach,259729,1,current_predictor,5,0.9267932996153831,0.312409415537599,0.509901951359283
controlled_npc_approach,259729,63,constant_position,5,0.9267932996153831,0.08472135954998723,0.1999999999999318
controlled_npc_approach,259729,63,current_predictor,5,0.9267932996153831,0.08472135954998723,0.1999999999999318
controlled_npc_approach,259733,1,constant_position,5,0.9578345008194447,0.3206936867850412,0.509901951359283
controlled_npc_approach,259733,1,current_predictor,5,0.9578345008194447,0.3206936867850412,0.509901951359283
controlled_npc_approach,259733,63,constant_position,5,0.9578345008194447,0.14472135954997814,0.2999999999999545
controlled_npc_approach,259733,63,current_predictor,5,0.9578345008194447,0.14472135954997814,0.2999999999999545
controlled_npc_approach,259739,1,constant_position,5,0.9277933984994888,0.25999999999996815,0.2999999999999545
controlled_npc_approach,259739,1,current_predictor,5,0.9277933984994888,0.25999999999996815,0.2999999999999545
controlled_npc_approach,259739,63,constant_position,5,0.9277933984994888,0.3563473343965504,0.41231056256173576
controlled_npc_approach,259739,63,current_predictor,5,0.9277933984994888,0.3563473343965504,0.41231056256173576
controlled_npc_approach,259745,1,constant_position,5,0.9055855013430119,0.22324555320330583,0.31622776601680197
controlled_npc_approach,259745,1,current_predictor,5,0.9055855013430119,0.22324555320330583,0.31622776601680197
controlled_npc_approach,259745,63,constant_position,5,0.9055855013430119,0.19999999999995452,0.2999999999999545
controlled_npc_approach,259745,63,current_predictor,5,0.9055855013430119,0.19999999999995452,0.2999999999999545
controlled_npc_approach,259751,1,constant_position,5,0.8876845985651016,0.16944271910003011,0.2236067977500298
controlled_npc_approach,259751,1,current_predictor,5,0.8876845985651016,0.16944271910003011,0.2236067977500298
controlled_npc_approach,259751,63,constant_position,5,0.8876845985651016,0.26324555320331133,0.316227766016784
controlled_npc_approach,259751,63,current_predictor,5,0.8876845985651016,0.26324555320331133,0.316227766016784
controlled_npc_approach,259757,1,constant_position,5,0.8818846009671688,0.1165685424949503,0.20000000000004547
controlled_npc_approach,259757,1,current_predictor,5,0.8818846009671688,0.1165685424949503,0.20000000000004547
controlled_npc_approach,259757,63,constant_position,5,0.8818846009671688,0.10828427124745574,0.1999999999999318
controlled_npc_approach,259757,63,current_predictor,5,0.8818846009671688,0.10828427124745574,0.1999999999999318
controlled_npc_approach,259762,1,constant_position,5,0.9073128998279572,0.0800000000000182,0.0
controlled_npc_approach,259762,1,current_predictor,5,0.9073128998279572,0.0800000000000182,0.0
controlled_npc_approach,259762,63,constant_position,5,0.9073128998279572,0.16324555320334544,0.316227766016784
controlled_npc_approach,259762,63,current_predictor,5,0.9073128998279572,0.16324555320334544,0.316227766016784
controlled_npc_approach,259767,1,constant_position,5,0.9070072025060654,0.15656854249495938,0.20000000000004547
controlled_npc_approach,259767,1,current_predictor,5,0.9070072025060654,0.15656854249495938,0.20000000000004547
controlled_npc_approach,259767,63,constant_position,5,0.9070072025060654,0.2349860210692861,0.5099019513592717
controlled_npc_approach,259767,63,current_predictor,5,0.9070072025060654,0.2349860210692861,0.5099019513592717
controlled_npc_approach,259773,1,constant_position,5,0.8879784978926182,0.10485281374240954,0.14142135623734164
controlled_npc_approach,259773,1,current_predictor,5,0.8879784978926182,0.10485281374240954,0.14142135623734164
controlled_npc_approach,259773,63,constant_position,5,0.8879784978926182,0.3649008038093086,0.5
controlled_npc_approach,259773,63,current_predictor,5,0.8879784978926182,0.3649008038093086,0.5
controlled_npc_approach,259778,1,constant_position,5,0.900856401771307,0.14957417329241549,0.2236067977500298
controlled_npc_approach,259778,1,current_predictor,5,0.900856401771307,0.14957417329241549,0.2236067977500298
controlled_npc_approach,259778,63,constant_position,5,0.900856401771307,0.42522594347520204,0.39999999999997726
controlled_npc_approach,259778,63,current_predictor,5,0.900856401771307,0.42522594347520204,0.39999999999997726
controlled_npc_approach,259784,1,constant_position,5,0.8990987986326218,0.06000000000001364,0.10000000000002274
controlled_npc_approach,259784,1,current_predictor,5,0.8990987986326218,0.06000000000001364,0.10000000000002274
controlled_npc_approach,259784,63,constant_position,5,0.8990987986326218,0.1962511840008418,0.2236067977500044
controlled_npc_approach,259784,63,current_predictor,5,0.8990987986326218,0.1962511840008418,0.2236067977500044
controlled_npc_approach,259790,1,constant_position,5,0.8677617013454437,0.16472135955003325,0.2236067977500298
controlled_npc_approach,259790,1,current_predictor,5,0.8677617013454437,0.16472135955003325,0.2236067977500298
controlled_npc_approach,259790,63,constant_position,5,0.8677617013454437,0.20944271910002904,0.2236067977500044
controlled_npc_approach,259790,63,current_predictor,5,0.8677617013454437,0.20944271910002904,0.2236067977500044
controlled_npc_approach,259795,1,constant_position,5,0.8958216980099678,0.09656854249494576,0.14142135623734164
controlled_npc_approach,259795,1,current_predictor,5,0.8958216980099678,0.09656854249494576,0.14142135623734164
controlled_npc_approach,259795,63,constant_position,5,0.8958216980099678,0.17981409569831258,0.31622776601689184
controlled_npc_approach,259795,63,current_predictor,5,0.8958216980099678,0.17981409569831258,0.31622776601689184
controlled_npc_approach,259800,1,constant_position,5,0.926597099751234,0.12485281374241408,0.14142135623734164
controlled_npc_approach,259800,1,current_predictor,5,0.926597099751234,0.12485281374241408,0.14142135623734164
controlled_npc_approach,259800,63,constant_position,5,0.926597099751234,0.10828427124745574,0.0999999999999659
controlled_npc_approach,259800,63,current_predictor,5,0.926597099751234,0.10828427124745574,0.0999999999999659
controlled_npc_approach,259805,1,constant_position,5,0.9011840000748634,0.06000000000001364,0.0
controlled_npc_approach,259805,1,current_predictor,5,0.9011840000748634,0.06000000000001364,0.0
controlled_npc_approach,259805,63,constant_position,5,0.9011840000748634,0.12485281374238999,0.14142135623730148
controlled_npc_approach,259805,63,current_predictor,5,0.9011840000748634,0.12485281374238999,0.14142135623730148
controlled_npc_approach,259811,1,constant_position,5,0.880222998559475,0.0800000000000182,0.10000000000002274
controlled_npc_approach,259811,1,current_predictor,5,0.880222998559475,0.0800000000000182,0.10000000000002274
controlled_npc_approach,259811,63,constant_position,5,0.880222998559475,0.1294427190999881,0.2236067977500044
controlled_npc_approach,259811,63,current_predictor,5,0.880222998559475,0.1294427190999881,0.2236067977500044
controlled_npc_approach,259816,1,constant_position,5,0.9090299978852272,0.0400000000000091,0.10000000000002274
controlled_npc_approach,259816,1,current_predictor,5,0.9090299978852272,0.0400000000000091,0.10000000000002274
controlled_npc_approach,259816,63,constant_position,5,0.9090299978852272,0.14472135955000714,0.22360679774997896
controlled_npc_approach,259816,63,current_predictor,5,0.9090299978852272,0.14472135955000714,0.22360679774997896
controlled_npc_approach,259822,1,constant_position,5,0.9079470001161098,0.0400000000000091,0.0
controlled_npc_approach,259822,1,current_predictor,5,0.9079470001161098,0.0400000000000091,0.0
controlled_npc_approach,259822,63,constant_position,5,0.9079470001161098,0.16944271909999212,0.1999999999999318
controlled_npc_approach,259822,63,current_predictor,5,0.9079470001161098,0.16944271909999212,0.1999999999999318
controlled_npc_approach,259828,1,constant_position,5,0.880781002342701,0.05999999999999091,0.09999999999990905
controlled_npc_approach,259828,1,current_predictor,5,0.880781002342701,0.05999999999999091,0.09999999999990905
controlled_npc_approach,259828,63,constant_position,5,0.880781002342701,0.23871329651316633,0.316227766016784
controlled_npc_approach,259828,63,current_predictor,5,0.880781002342701,0.23871329651316633,0.316227766016784
controlled_npc_approach,259833,1,constant_position,5,0.9065736010670662,0.11656854249491148,0.09999999999990905
controlled_npc_approach,259833,1,current_predictor,5,0.9065736010670662,0.11656854249491148,0.09999999999990905
controlled_npc_approach,259833,63,constant_position,5,0.9065736010670662,0.2647213595500003,0.20000000000004547
controlled_npc_approach,259833,63,current_predictor,5,0.9065736010670662,0.2647213595500003,0.20000000000004547
controlled_npc_approach,259838,1,constant_position,5,0.9301408007740974,0.08828427124744316,0.10000000000002274
controlled_npc_approach,259838,1,current_predictor,5,0.9301408007740974,0.08828427124744316,0.10000000000002274
controlled_npc_approach,259838,63,constant_position,5,0.9301408007740974,0.14944271909996482,0.2236067977500044
controlled_npc_approach,259838,63,current_predictor,5,0.9301408007740974,0.14944271909996482,0.2236067977500044
controlled_npc_approach,259844,1,constant_position,5,0.9363321028649807,0.1730056307974312,0.1999999999999318
controlled_npc_approach,259844,1,current_predictor,5,0.9363321028649807,0.1730056307974312,0.1999999999999318
controlled_npc_approach,259844,63,constant_position,5,0.9363321028649807,0.2464065583516434,0.22360679774997896
controlled_npc_approach,259844,63,current_predictor,5,0.9363321028649807,0.2464065583516434,0.22360679774997896
controlled_npc_approach,259850,1,constant_position,5,0.9272741004824638,0.10828427124740223,0.09999999999990905
controlled_npc_approach,259850,1,current_predictor,5,0.9272741004824638,0.10828427124740223,0.09999999999990905
controlled_npc_approach,259850,63,constant_position,5,0.9272741004824638,0.2224621125123108,0.1999999999999318
controlled_npc_approach,259850,63,current_predictor,5,0.9272741004824638,0.2224621125123108,0.1999999999999318
controlled_npc_approach,259855,1,constant_position,5,0.9505987986922264,0.0682842712474386,0.09999999999990905
controlled_npc_approach,259855,1,current_predictor,5,0.9505987986922264,0.0682842712474386,0.09999999999990905
controlled_npc_approach,259855,63,constant_position,5,0.9505987986922264,0.18649110640665906,0.316227766016784
controlled_npc_approach,259855,63,current_predictor,5,0.9505987986922264,0.18649110640665906,0.316227766016784
controlled_npc_approach,259861,1,constant_position,5,0.9288523979485035,0.08828427124744316,0.0
controlled_npc_approach,259861,1,current_predictor,5,0.9288523979485035,0.08828427124744316,0.0
controlled_npc_approach,259861,63,constant_position,5,0.9288523979485035,0.10944271910000629,0.10000000000002274
controlled_npc_approach,259861,63,current_predictor,5,0.9288523979485035,0.10944271910000629,0.10000000000002274
controlled_npc_approach,259867,1,constant_position,5,0.9269839003682137,0.09656854249489086,0.0
controlled_npc_approach,259867,1,current_predictor,5,0.9269839003682137,0.09656854249489086,0.0
controlled_npc_approach,259867,63,constant_position,5,0.9269839003682137,0.15772699034747115,0.20000000000004547
controlled_npc_approach,259867,63,current_predictor,5,0.9269839003682137,0.15772699034747115,0.20000000000004547
controlled_npc_approach,259873,1,constant_position,5,0.9016057997941971,0.09656854249489086,0.14142135623726126
controlled_npc_approach,259873,1,current_predictor,5,0.9016057997941971,0.09656854249489086,0.14142135623726126
controlled_npc_approach,259873,63,constant_position,5,0.9016057997941971,0.14128990204492725,0.28284271247464315
controlled_npc_approach,259873,63,current_predictor,5,0.9016057997941971,0.14128990204492725,0.28284271247464315
controlled_npc_approach,259878,1,constant_position,5,0.87613720074296,0.11656854249489541,0.10000000000002274
controlled_npc_approach,259878,1,current_predictor,5,0.87613720074296,0.11656854249489541,0.10000000000002274
controlled_npc_approach,259878,63,constant_position,5,0.87613720074296,0.18601126159492812,0.2236067977500044
controlled_npc_approach,259878,63,current_predictor,5,0.87613720074296,0.18601126159492812,0.2236067977500044
controlled_npc_approach,259884,1,constant_position,5,0.8469920009374619,0.13656854249489997,0.14142135623726126
controlled_npc_approach,259884,1,current_predictor,5,0.8469920009374619,0.13656854249489997,0.14142135623726126
controlled_npc_approach,259884,63,constant_position,5,0.8469920009374619,0.10828427124746712,0.0999999999999659
controlled_npc_approach,259884,63,current_predictor,5,0.8469920009374619,0.10828427124746712,0.0999999999999659
controlled_npc_approach,259889,1,constant_position,5,0.8768811002373695,0.08828427124741375,0.09999999999990905
controlled_npc_approach,259889,1,current_predictor,5,0.8768811002373695,0.08828427124741375,0.09999999999990905
controlled_npc_approach,259889,63,constant_position,5,0.8768811002373695,0.16601126159491672,0.22360679774997896
controlled_npc_approach,259889,63,current_predictor,5,0.8768811002373695,0.16601126159491672,0.22360679774997896
controlled_npc_approach,259895,1,constant_position,5,0.8824797011911869,0.10944271909995307,0.22360679774992814
controlled_npc_approach,259895,1,current_predictor,5,0.8824797011911869,0.10944271909995307,0.22360679774992814
controlled_npc_approach,259895,63,constant_position,5,0.8824797011911869,0.19416407865002644,0.10000000000002274
controlled_npc_approach,259895,63,current_predictor,5,0.8824797011911869,0.19416407865002644,0.10000000000002274
controlled_npc_approach,259900,1,constant_position,5,0.8976650983095169,0.13772699034740532,0.14142135623726126
controlled_npc_approach,259900,1,current_predictor,5,0.8976650983095169,0.13772699034740532,0.14142135623726126
controlled_npc_approach,259900,63,constant_position,5,0.8976650983095169,0.14472135955000714,0.22360679774997896
controlled_npc_approach,259900,63,current_predictor,5,0.8976650983095169,0.14472135955000714,0.22360679774997896
controlled_npc_approach,259905,1,constant_position,5,0.9386897012591362,0.11300563079746304,0.10000000000002274
controlled_npc_approach,259905,1,current_predictor,5,0.9386897012591362,0.11300563079746304,0.10000000000002274
controlled_npc_approach,259905,63,constant_position,5,0.9386897012591362,0.1762511840008208,0.316227766016784
controlled_npc_approach,259905,63,current_predictor,5,0.9386897012591362,0.1762511840008208,0.316227766016784
controlled_npc_approach,259910,1,constant_position,5,0.9396435990929604,0.11656854249492757,0.14142135623734164
controlled_npc_approach,259910,1,current_predictor,5,0.9396435990929604,0.11656854249492757,0.14142135623734164
controlled_npc_approach,259910,63,constant_position,5,0.9396435990929604,0.2212899020449227,0.2236067977500044
controlled_npc_approach,259910,63,current_predictor,5,0.9396435990929604,0.2212899020449227,0.2236067977500044
controlled_npc_approach,259916,1,constant_position,5,0.9340627007186413,0.1860112615948621,0.1999999999999318
controlled_npc_approach,259916,1,current_predictor,5,0.9340627007186413,0.1860112615948621,0.1999999999999318
controlled_npc_approach,259916,63,constant_position,5,0.9340627007186413,0.2736647701185527,0.36055512754635477
controlled_npc_approach,259916,63,current_predictor,5,0.9340627007186413,0.2736647701185527,0.36055512754635477
controlled_npc_approach,259922,1,constant_position,5,0.9323682971298695,0.0800000000000182,0.10000000000002274
controlled_npc_approach,259922,1,current_predictor,5,0.9323682971298695,0.0800000000000182,0.10000000000002274
controlled_npc_approach,259922,63,constant_position,5,0.9323682971298695,0.22627510415924257,0.36055512754635477
controlled_npc_approach,259922,63,current_predictor,5,0.9323682971298695,0.22627510415924257,0.36055512754635477
controlled_npc_approach,259928,1,constant_position,5,0.9364746995270252,0.04828427124747288,0.0
controlled_npc_approach,259928,1,current_predictor,5,0.9364746995270252,0.04828427124747288,0.0
controlled_npc_approach,259928,63,constant_position,5,0.9364746995270252,0.20828427124742163,0.0999999999999659
controlled_npc_approach,259928,63,current_predictor,5,0.9364746995270252,0.20828427124742163,0.0999999999999659
controlled_npc_approach,259934,1,constant_position,5,0.926622599363327,0.04828427124747288,0.0
controlled_npc_approach,259934,1,current_predictor,5,0.926622599363327,0.04828427124747288,0.0
controlled_npc_approach,259934,63,constant_position,5,0.926622599363327,0.14128990204489417,0.14142135623730148
controlled_npc_approach,259934,63,current_predictor,5,0.926622599363327,0.14128990204489417,0.14142135623730148
controlled_npc_approach,259939,1,constant_position,5,0.9644908979535103,0.10000000000002274,0.10000000000002274
controlled_npc_approach,259939,1,current_predictor,5,0.9644908979535103,0.10000000000002274,0.10000000000002274
controlled_npc_approach,259939,63,constant_position,5,0.9644908979535103,0.1798140956982522,0.14142135623730148
controlled_npc_approach,259939,63,current_predictor,5,0.9644908979535103,0.1798140956982522,0.14142135623730148
controlled_npc_approach,259944,1,constant_position,5,0.9657015986740589,0.13313708498987786,0.10000000000002274
controlled_npc_approach,259944,1,current_predictor,5,0.9657015986740589,0.13313708498987786,0.10000000000002274
controlled_npc_approach,259944,63,constant_position,5,0.9657015986740589,0.18128990204488052,0.14142135623722107
controlled_npc_approach,259944,63,current_predictor,5,0.9657015986740589,0.18128990204488052,0.14142135623722107
controlled_npc_approach,259950,1,constant_position,5,0.9637921005487442,0.0400000000000091,0.10000000000002274
controlled_npc_approach,259950,1,current_predictor,5,0.9637921005487442,0.0400000000000091,0.10000000000002274
controlled_npc_approach,259950,63,constant_position,5,0.9637921005487442,0.35597232723501404,0.5099019513592717
controlled_npc_approach,259950,63,current_predictor,5,0.9637921005487442,0.35597232723501404,0.5099019513592717
controlled_npc_approach,259956,1,constant_position,5,0.9666568003594875,0.06828427124746135,0.14142135623726126
controlled_npc_approach,259956,1,current_predictor,5,0.9666568003594875,0.06828427124746135,0.14142135623726126
controlled_npc_approach,259956,63,constant_position,5,0.9666568003594875,0.13999999999999774,0.10000000000002274
controlled_npc_approach,259956,63,current_predictor,5,0.9666568003594875,0.13999999999999774,0.10000000000002274
controlled_npc_approach,259962,1,constant_position,5,0.9374715983867645,0.08828427124744316,0.09999999999990905
controlled_npc_approach,259962,1,current_predictor,5,0.9374715983867645,0.08828427124744316,0.09999999999990905
controlled_npc_approach,259962,63,constant_position,5,0.9374715983867645,0.24324555320331814,0.0999999999999659
controlled_npc_approach,259962,63,current_predictor,5,0.9374715983867645,0.24324555320331814,0.0999999999999659
controlled_npc_approach,259968,1,constant_position,5,0.9356297999620438,0.08828427124744316,0.0
controlled_npc_approach,259968,1,current_predictor,5,0.9356297999620438,0.08828427124744316,0.0
controlled_npc_approach,259968,63,constant_position,5,0.9356297999620438,0.20485281374236272,0.2999999999999545
controlled_npc_approach,259968,63,current_predictor,5,0.9356297999620438,0.20485281374236272,0.2999999999999545
controlled_npc_approach,259974,1,constant_position,5,0.9392164014279842,0.1530056307974494,0.10000000000002274
controlled_npc_approach,259974,1,current_predictor,5,0.9392164014279842,0.1530056307974494,0.10000000000002274
controlled_npc_approach,259974,63,constant_position,5,0.9392164014279842,0.14944271909997472,0.10000000000002274
controlled_npc_approach,259974,63,current_predictor,5,0.9392164014279842,0.14944271909997472,0.10000000000002274
controlled_npc_approach,259980,1,constant_position,5,0.9363777004182339,0.11656854249491148,0.14142135623734164
controlled_npc_approach,259980,1,current_predictor,5,0.9363777004182339,0.11656854249491148,0.14142135623734164
controlled_npc_approach,259980,63,constant_position,5,0.9363777004182339,0.2881697782280648,0.316227766016784
controlled_npc_approach,259980,63,current_predictor,5,0.9363777004182339,0.2881697782280648,0.316227766016784
controlled_npc_approach,259986,1,constant_position,5,0.96146260201931,0.1412899020448765,0.09999999999990905
controlled_npc_approach,259986,1,current_predictor,5,0.96146260201931,0.1412899020448765,0.09999999999990905
controlled_npc_approach,259986,63,constant_position,5,0.96146260201931,0.15772699034740303,0.0999999999999659
controlled_npc_approach,259986,63,current_predictor,5,0.96146260201931,0.15772699034740303,0.0999999999999659
controlled_npc_approach,259991,1,constant_position,5,0.990192499011755,0.12828427124738404,0.09999999999990905
controlled_npc_approach,259991,1,current_predictor,5,0.990192499011755,0.12828427124738404,0.09999999999990905
controlled_npc_approach,259991,63,constant_position,5,0.990192499011755,0.151529824450808,0.14142135623730148
controlled_npc_approach,259991,63,current_predictor,5,0.990192499011755,0.151529824450808,0.14142135623730148
controlled_npc_approach,259997,1,constant_position,5,0.9898240007460117,0.06000000000001364,0.10000000000002274
controlled_npc_approach,259997,1,current_predictor,5,0.9898240007460117,0.06000000000001364,0.10000000000002274
controlled_npc_approach,259997,63,constant_position,5,0.9898240007460117,0.19152982445079436,0.1999999999999318
controlled_npc_approach,259997,63,current_predictor,5,0.9898240007460117,0.19152982445079436,0.1999999999999318
controlled_npc_approach,260003,1,constant_position,5,0.982065100222826,0.06000000000001364,0.0
controlled_npc_approach,260003,1,current_predictor,5,0.982065100222826,0.06000000000001364,0.0
controlled_npc_approach,260003,63,constant_position,5,0.982065100222826,0.16128990204488067,0.0999999999999659
controlled_npc_approach,260003,63,current_predictor,5,0.982065100222826,0.16128990204488067,0.0999999999999659
controlled_npc_approach,260009,1,constant_position,5,0.986429501324892,0.09656854249493771,0.14142135623730148
controlled_npc_approach,260009,1,current_predictor,5,0.986429501324892,0.09656854249493771,0.14142135623730148
controlled_npc_approach,260009,63,constant_position,5,0.986429501324892,0.09999999999994316,0.0
controlled_npc_approach,260009,63,current_predictor,5,0.986429501324892,0.09999999999994316,0.0
controlled_npc_approach,260015,1,constant_position,5,0.9563049003481865,0.1365685424949435,0.14142135623734164
controlled_npc_approach,260015,1,current_predictor,5,0.9563049003481865,0.1365685424949435,0.14142135623734164
controlled_npc_approach,260015,63,constant_position,5,0.9563049003481865,0.09656854249487479,0.14142135623722107
controlled_npc_approach,260015,63,current_predictor,5,0.9563049003481865,0.09656854249487479,0.14142135623722107
controlled_npc_approach,260021,1,constant_position,5,0.928572703152895,0.08000000000000682,0.10000000000002274
controlled_npc_approach,260021,1,current_predictor,5,0.928572703152895,0.08000000000000682,0.10000000000002274
controlled_npc_approach,260021,63,constant_position,5,0.928572703152895,0.11300563079741113,0.0999999999999659
controlled_npc_approach,260021,63,current_predictor,5,0.928572703152895,0.11300563079741113,0.0999999999999659
controlled_npc_approach,260027,1,constant_position,5,0.8939066007733345,0.09656854249493771,0.10000000000002274
controlled_npc_approach,260027,1,current_predictor,5,0.8939066007733345,0.09656854249493771,0.10000000000002274
controlled_npc_approach,260027,63,constant_position,5,0.8939066007733345,0.10828427124739419,0.09999999999990905
controlled_npc_approach,260027,63,current_predictor,5,0.8939066007733345,0.10828427124739419,0.09999999999990905
controlled_npc_approach,260033,1,constant_position,5,0.8769122995436192,0.060000000000002274,0.0
controlled_npc_approach,260033,1,current_predictor,5,0.8769122995436192,0.060000000000002274,0.0
controlled_npc_approach,260033,63,constant_position,5,0.8769122995436192,0.20472135954993737,0.19999999999998863
controlled_npc_approach,260033,63,current_predictor,5,0.8769122995436192,0.20472135954993737,0.19999999999998863
controlled_npc_approach,260039,1,constant_position,5,0.84122009947896,0.12828427124743755,0.0999999999999659
controlled_npc_approach,260039,1,current_predictor,5,0.84122009947896,0.12828427124743755,0.0999999999999659
controlled_npc_approach,260039,63,constant_position,5,0.84122009947896,0.09656854249488754,0.09999999999990905
controlled_npc_approach,260039,63,current_predictor,5,0.84122009947896,0.09656854249488754,0.09999999999990905
controlled_npc_approach,260045,1,constant_position,5,0.8245347999036312,0.10828427124748652,0.10000000000002274
controlled_npc_approach,260045,1,current_predictor,5,0.8245347999036312,0.10828427124748652,0.10000000000002274
controlled_npc_approach,260045,63,constant_position,5,0.8245347999036312,0.13300563079742073,0.10000000000002274
controlled_npc_approach,260045,63,current_predictor,5,0.8245347999036312,0.13300563079742073,0.10000000000002274
controlled_npc_approach,260050,1,constant_position,5,0.8529674001038074,0.10000000000002274,0.10000000000002274
controlled_npc_approach,260050,1,current_predictor,5,0.8529674001038074,0.10000000000002274,0.10000000000002274
controlled_npc_approach,260050,63,constant_position,5,0.8529674001038074,0.1612899020448777,0.22360679774992814
controlled_npc_approach,260050,63,current_predictor,5,0.8529674001038074,0.1612899020448777,0.22360679774992814
controlled_npc_approach,260055,1,constant_position,5,0.9053424000740051,0.0,0.0
controlled_npc_approach,260055,1,current_predictor,5,0.9053424000740051,0.0,0.0
controlled_npc_approach,260055,63,constant_position,5,0.9053424000740051,0.1812899020448709,0.0999999999999659
controlled_npc_approach,260055,63,current_predictor,5,0.9053424000740051,0.1812899020448709,0.0999999999999659
controlled_npc_approach,260060,1,constant_position,5,0.895626500248909,0.02000000000000455,0.10000000000002274
controlled_npc_approach,260060,1,current_predictor,5,0.895626500248909,0.02000000000000455,0.10000000000002274
controlled_npc_approach,260060,63,constant_position,5,0.895626500248909,0.20601126159488486,0.2828427124745628
controlled_npc_approach,260060,63,current_predictor,5,0.895626500248909,0.20601126159488486,0.2828427124745628
controlled_npc_approach,260065,1,constant_position,5,0.931217398494482,0.048284271247464844,0.14142135623730148
controlled_npc_approach,260065,1,current_predictor,5,0.931217398494482,0.048284271247464844,0.14142135623730148
controlled_npc_approach,260065,63,constant_position,5,0.931217398494482,0.1895741732923219,0.2828427124745628
controlled_npc_approach,260065,63,current_predictor,5,0.931217398494482,0.1895741732923219,0.2828427124745628
controlled_npc_approach,260070,1,constant_position,5,0.9509042985737324,0.07656854249493317,0.14142135623734164
controlled_npc_approach,260070,1,current_predictor,5,0.9509042985737324,0.07656854249493317,0.14142135623734164
controlled_npc_approach,260070,63,constant_position,5,0.9509042985737324,0.15999999999997955,0.2999999999999545
controlled_npc_approach,260070,63,current_predictor,5,0.9509042985737324,0.15999999999997955,0.2999999999999545
controlled_npc_approach,260076,1,constant_position,5,0.9618867971003056,0.09656854249493771,0.10000000000002274
controlled_npc_approach,260076,1,current_predictor,5,0.9618867971003056,0.09656854249493771,0.10000000000002274
controlled_npc_approach,260076,63,constant_position,5,0.9618867971003056,0.19300563079743105,0.19999999999998863
controlled_npc_approach,260076,63,current_predictor,5,0.9618867971003056,0.19300563079743105,0.19999999999998863
controlled_npc_approach,260082,1,constant_position,5,0.9408515989780426,0.09656854249493771,0.0
controlled_npc_approach,260082,1,current_predictor,5,0.9408515989780426,0.09656854249493771,0.0
controlled_npc_approach,260082,63,constant_position,5,0.9408515989780426,0.1598140956982593,0.0999999999999659
controlled_npc_approach,260082,63,current_predictor,5,0.9408515989780426,0.1598140956982593,0.0999999999999659
controlled_npc_approach,260087,1,constant_position,5,0.9405736997723579,0.10828427124747515,0.10000000000002274
controlled_npc_approach,260087,1,current_predictor,5,0.9405736997723579,0.10828427124747515,0.10000000000002274
controlled_npc_approach,260087,63,constant_position,5,0.9405736997723579,0.20007793826260536,0.316227766016784
controlled_npc_approach,260087,63,current_predictor,5,0.9405736997723579,0.20007793826260536,0.316227766016784
controlled_npc_approach,260093,1,constant_position,5,0.9152815006673336,0.16128990204490729,0.0999999999999659
controlled_npc_approach,260093,1,current_predictor,5,0.9152815006673336,0.16128990204490729,0.0999999999999659
controlled_npc_approach,260093,63,constant_position,5,0.9152815006673336,0.3203205570521662,0.2828427124745628
controlled_npc_approach,260093,63,current_predictor,5,0.9152815006673336,0.3203205570521662,0.2828427124745628
controlled_npc_approach,260099,1,constant_position,5,0.9111309982836246,0.1165685424949503,0.10000000000002274
controlled_npc_approach,260099,1,current_predictor,5,0.9111309982836246,0.1165685424949503,0.10000000000002274
controlled_npc_approach,260099,63,constant_position,5,0.9111309982836246,0.2773591360084037,0.36055512754635477
controlled_npc_approach,260099,63,current_predictor,5,0.9111309982836246,0.2773591360084037,0.36055512754635477
controlled_npc_approach,260105,1,constant_position,5,0.906895000487566,0.06828427124747742,0.0
controlled_npc_approach,260105,1,current_predictor,5,0.906895000487566,0.06828427124747742,0.0
controlled_npc_approach,260105,63,constant_position,5,0.906895000487566,0.12944271909994504,0.22360679774990272
controlled_npc_approach,260105,63,current_predictor,5,0.906895000487566,0.12944271909994504,0.22360679774990272
controlled_npc_approach,260111,1,constant_position,5,0.9060229994356632,0.06000000000001364,0.0
controlled_npc_approach,260111,1,current_predictor,5,0.9060229994356632,0.06000000000001364,0.0
controlled_npc_approach,260111,63,constant_position,5,0.9060229994356632,0.11152982445079891,0.0
controlled_npc_approach,260111,63,current_predictor,5,0.9060229994356632,0.11152982445079891,0.0
controlled_npc_approach,260116,1,constant_position,5,0.9065243005752563,0.06000000000001364,0.0
controlled_npc_approach,260116,1,current_predictor,5,0.9065243005752563,0.06000000000001364,0.0
controlled_npc_approach,260116,63,constant_position,5,0.9065243005752563,0.2959338255067108,0.2236067977500044
controlled_npc_approach,260116,63,current_predictor,5,0.9065243005752563,0.2959338255067108,0.2236067977500044
controlled_npc_approach,260121,1,constant_position,5,0.951332900673151,0.1165685424949503,0.10000000000002274
controlled_npc_approach,260121,1,current_predictor,5,0.951332900673151,0.1165685424949503,0.10000000000002274
controlled_npc_approach,260121,63,constant_position,5,0.951332900673151,0.08472135954994417,0.0
controlled_npc_approach,260121,63,current_predictor,5,0.951332900673151,0.08472135954994417,0.0
controlled_npc_approach,260127,1,constant_position,5,0.9648991003632545,0.08828427124748198,0.14142135623734164
controlled_npc_approach,260127,1,current_predictor,5,0.9648991003632545,0.08828427124748198,0.14142135623734164
controlled_npc_approach,260127,63,constant_position,5,0.9648991003632545,0.14039529675669488,0.36055512754635477
controlled_npc_approach,260127,63,current_predictor,5,0.9648991003632545,0.14039529675669488,0.36055512754635477
controlled_npc_approach,260133,1,constant_position,5,0.9383864998817444,0.10828427124748652,0.10000000000002274
controlled_npc_approach,260133,1,current_predictor,5,0.9383864998817444,0.10828427124748652,0.10000000000002274
controlled_npc_approach,260133,63,constant_position,5,0.9383864998817444,0.2601891028597622,0.2999999999999545
controlled_npc_approach,260133,63,current_predictor,5,0.9383864998817444,0.2601891028597622,0.2999999999999545
controlled_npc_approach,260139,1,constant_position,5,0.9380026012659073,0.02000000000000455,0.0
controlled_npc_approach,260139,1,current_predictor,5,0.9380026012659073,0.02000000000000455,0.0
controlled_npc_approach,260139,63,constant_position,5,0.9380026012659073,0.15683238505921512,0.0
controlled_npc_approach,260139,63,current_predictor,5,0.9380026012659073,0.15683238505921512,0.0
controlled_npc_approach,260144,1,constant_position,5,0.9442315995693207,0.02000000000000455,0.0
controlled_npc_approach,260144,1,current_predictor,5,0.9442315995693207,0.02000000000000455,0.0
controlled_npc_approach,260144,63,constant_position,5,0.9442315995693207,0.1495741732923716,0.2236067977500044
controlled_npc_approach,260144,63,current_predictor,5,0.9442315995693207,0.1495741732923716,0.2236067977500044
controlled_npc_approach,260150,1,constant_position,5,0.9246326014399529,0.0400000000000091,0.10000000000002274
controlled_npc_approach,260150,1,current_predictor,5,0.9246326014399529,0.0400000000000091,0.10000000000002274
controlled_npc_approach,260150,63,constant_position,5,0.9246326014399529,0.16957417329235341,0.09999999999990905
controlled_npc_approach,260150,63,current_predictor,5,0.9246326014399529,0.16957417329235341,0.09999999999990905
controlled_npc_approach,260156,1,constant_position,5,0.8920719996094704,0.08828427124748198,0.14142135623734164
controlled_npc_approach,260156,1,current_predictor,5,0.8920719996094704,0.08828427124748198,0.14142135623734164
controlled_npc_approach,260156,63,constant_position,5,0.8920719996094704,0.2646173477752857,0.36055512754635477
controlled_npc_approach,260156,63,current_predictor,5,0.8920719996094704,0.2646173477752857,0.36055512754635477
controlled_npc_approach,260161,1,constant_position,5,0.9068493023514748,0.0400000000000091,0.0
controlled_npc_approach,260161,1,current_predictor,5,0.9068493023514748,0.0400000000000091,0.0
controlled_npc_approach,260161,63,constant_position,5,0.9068493023514748,0.19416407864993251,0.1999999999999318
controlled_npc_approach,260161,63,current_predictor,5,0.9068493023514748,0.19416407864993251,0.1999999999999318
controlled_npc_approach,260167,1,constant_position,5,0.8753903992474079,0.06000000000001364,0.10000000000002274
controlled_npc_approach,260167,1,current_predictor,5,0.8753903992474079,0.06000000000001364,0.10000000000002274
controlled_npc_approach,260167,63,constant_position,5,0.8753903992474079,0.08324555320334998,0.0
controlled_npc_approach,260167,63,current_predictor,5,0.8753903992474079,0.08324555320334998,0.0
controlled_npc_approach,260172,1,constant_position,5,0.9015577994287014,0.0800000000000182,0.10000000000002274
controlled_npc_approach,260172,1,current_predictor,5,0.9015577994287014,0.0800000000000182,0.10000000000002274
controlled_npc_approach,260172,63,constant_position,5,0.9015577994287014,0.2944580191600622,0.2236067977500044
controlled_npc_approach,260172,63,current_predictor,5,0.9015577994287014,0.2944580191600622,0.2236067977500044
controlled_npc_approach,260178,1,constant_position,5,0.9038210995495319,0.06828427124747742,0.10000000000002274
controlled_npc_approach,260178,1,current_predictor,5,0.9038210995495319,0.06828427124747742,0.10000000000002274
controlled_npc_approach,260178,63,constant_position,5,0.9038210995495319,0.059999999999956796,0.09999999999990905
controlled_npc_approach,260178,63,current_predictor,5,0.9038210995495319,0.059999999999956796,0.09999999999990905
controlled_npc_approach,260183,1,constant_position,5,0.9037271998822689,0.09656854249494576,0.0
controlled_npc_approach,260183,1,current_predictor,5,0.9037271998822689,0.09656854249494576,0.0
controlled_npc_approach,260183,63,constant_position,5,0.9037271998822689,0.09999999999994316,0.1999999999999318
controlled_npc_approach,260183,63,current_predictor,5,0.9037271998822689,0.09999999999994316,0.1999999999999318
controlled_npc_approach,260189,1,constant_position,5,0.9215172976255417,0.08828427124746589,0.14142135623726126
controlled_npc_approach,260189,1,current_predictor,5,0.9215172976255417,0.08828427124746589,0.14142135623726126
controlled_npc_approach,260189,63,constant_position,5,0.9215172976255417,0.14957417329230638,0.14142135623722107
controlled_npc_approach,260189,63,current_predictor,5,0.9215172976255417,0.14957417329230638,0.14142135623722107
controlled_npc_approach,260194,1,constant_position,5,0.9197806008160114,0.11300563079746304,0.10000000000002274
controlled_npc_approach,260194,1,current_predictor,5,0.9197806008160114,0.11300563079746304,0.10000000000002274
controlled_npc_approach,260194,63,constant_position,5,0.9197806008160114,0.11999999999993634,0.10000000000002274
controlled_npc_approach,260194,63,current_predictor,5,0.9197806008160114,0.11999999999993634,0.10000000000002274
controlled_npc_approach,260200,1,constant_position,5,0.9231436997652054,0.1530056307974494,0.1999999999999318
controlled_npc_approach,260200,1,current_predictor,5,0.9231436997652054,0.1530056307974494,0.1999999999999318
controlled_npc_approach,260200,63,constant_position,5,0.9231436997652054,0.09999999999998863,0.19999999999998863
controlled_npc_approach,260200,63,current_predictor,5,0.9231436997652054,0.09999999999998863,0.19999999999998863
controlled_npc_approach,260206,1,constant_position,5,0.9142258986830711,0.08828427124744316,0.10000000000002274
controlled_npc_approach,260206,1,current_predictor,5,0.9142258986830711,0.08828427124744316,0.10000000000002274
controlled_npc_approach,260206,63,constant_position,5,0.9142258986830711,0.15999999999997955,0.2999999999999545
controlled_npc_approach,260206,63,current_predictor,5,0.9142258986830711,0.15999999999997955,0.2999999999999545
controlled_npc_approach,260211,1,constant_position,5,0.9221319034695625,0.09656854249490694,0.0
controlled_npc_approach,260211,1,current_predictor,5,0.9221319034695625,0.09656854249490694,0.0
controlled_npc_approach,260211,63,constant_position,5,0.9221319034695625,0.2847213595499821,0.39999999999997726
controlled_npc_approach,260211,63,current_predictor,5,0.9221319034695625,0.2847213595499821,0.39999999999997726
controlled_npc_approach,260217,1,constant_position,5,0.9023595005273819,0.1412899020448765,0.14142135623726126
controlled_npc_approach,260217,1,current_predictor,5,0.9023595005273819,0.1412899020448765,0.14142135623726126
controlled_npc_approach,260217,63,constant_position,5,0.9023595005273819,0.2565685424948784,0.2828427124745628
controlled_npc_approach,260217,63,current_predictor,5,0.9023595005273819,0.2565685424948784,0.2828427124745628
controlled_npc_approach,260222,1,constant_position,5,0.9427766986191273,0.05999999999999091,0.0
controlled_npc_approach,260222,1,current_predictor,5,0.9427766986191273,0.05999999999999091,0.0
controlled_npc_approach,260222,63,constant_position,5,0.9427766986191273,0.17656854249490572,0.1999999999999318
controlled_npc_approach,260222,63,current_predictor,5,0.9427766986191273,0.17656854249490572,0.1999999999999318
controlled_npc_approach,260228,1,constant_position,5,0.908126100897789,0.14828427124738858,0.1999999999999318
controlled_npc_approach,260228,1,current_predictor,5,0.908126100897789,0.14828427124738858,0.1999999999999318
controlled_npc_approach,260228,63,constant_position,5,0.908126100897789,0.2642220510185237,0.19999999999998863
controlled_npc_approach,260228,63,current_predictor,5,0.908126100897789,0.2642220510185237,0.19999999999998863
controlled_npc_approach,260234,1,constant_position,5,0.9159018993377686,0.08828427124748198,0.10000000000002274
controlled_npc_approach,260234,1,current_predictor,5,0.9159018993377686,0.08828427124748198,0.10000000000002274
controlled_npc_approach,260234,63,constant_position,5,0.9159018993377686,0.22796691275333442,0.316227766016784
controlled_npc_approach,260234,63,current_predictor,5,0.9159018993377686,0.22796691275333442,0.316227766016784
controlled_npc_approach,260239,1,constant_position,5,0.9059585966169834,0.08828427124748198,0.0
controlled_npc_approach,260239,1,current_predictor,5,0.9059585966169834,0.08828427124748198,0.0
controlled_npc_approach,260239,63,constant_position,5,0.9059585966169834,0.32994730302518877,0.5099019513592717
controlled_npc_approach,260239,63,current_predictor,5,0.9059585966169834,0.32994730302518877,0.5099019513592717
controlled_npc_approach,260245,1,constant_position,5,0.9000619016587734,0.06828427124747742,0.14142135623734164
controlled_npc_approach,260245,1,current_predictor,5,0.9000619016587734,0.06828427124747742,0.14142135623734164
controlled_npc_approach,260245,63,constant_position,5,0.9000619016587734,0.2968890995470732,0.2828427124745628
controlled_npc_approach,260245,63,current_predictor,5,0.9000619016587734,0.2968890995470732,0.2828427124745628
controlled_npc_approach,260251,1,constant_position,5,0.9021343030035496,0.08828427124748198,0.10000000000002274
controlled_npc_approach,260251,1,current_predictor,5,0.9021343030035496,0.08828427124748198,0.10000000000002274
controlled_npc_approach,260251,63,constant_position,5,0.9021343030035496,0.09300563079745434,0.14142135623730148
controlled_npc_approach,260251,63,current_predictor,5,0.9021343030035496,0.09300563079745434,0.14142135623730148
controlled_npc_approach,260256,1,constant_position,5,0.9047719985246658,0.06828427124747742,0.0
controlled_npc_approach,260256,1,current_predictor,5,0.9047719985246658,0.06828427124747742,0.0
controlled_npc_approach,260256,63,constant_position,5,0.9047719985246658,0.13772699034745522,0.2236067977500044
controlled_npc_approach,260256,63,current_predictor,5,0.9047719985246658,0.13772699034745522,0.2236067977500044
controlled_npc_approach,260262,1,constant_position,5,0.8790215030312538,0.10828427124748652,0.10000000000002274
controlled_npc_approach,260262,1,current_predictor,5,0.8790215030312538,0.10828427124748652,0.10000000000002274
controlled_npc_approach,260262,63,constant_position,5,0.8790215030312538,0.1647213595500168,0.2236067977500044
controlled_npc_approach,260262,63,current_predictor,5,0.8790215030312538,0.1647213595500168,0.2236067977500044
controlled_npc_approach,260267,1,constant_position,5,0.8888782002031803,0.10485281374240954,0.14142135623734164
controlled_npc_approach,260267,1,current_predictor,5,0.8888782002031803,0.10485281374240954,0.14142135623734164
controlled_npc_approach,260267,63,constant_position,5,0.8888782002031803,0.12944271909999946,0.2236067977500044
controlled_npc_approach,260267,63,current_predictor,5,0.8888782002031803,0.12944271909999946,0.2236067977500044
controlled_npc_approach,260272,1,constant_position,5,0.8799566999077797,0.10000000000002274,0.10000000000002274
controlled_npc_approach,260272,1,current_predictor,5,0.8799566999077797,0.10000000000002274,0.10000000000002274
controlled_npc_approach,260272,63,constant_position,5,0.8799566999077797,0.15300563079745663,0.1999999999999318
controlled_npc_approach,260272,63,current_predictor,5,0.8799566999077797,0.15300563079745663,0.1999999999999318
controlled_npc_approach,260278,1,constant_position,5,0.8443945981562138,0.02828427124746833,0.0
controlled_npc_approach,260278,1,current_predictor,5,0.8443945981562138,0.02828427124746833,0.0
controlled_npc_approach,260278,63,constant_position,5,0.8443945981562138,0.20305964890163875,0.316227766016784
controlled_npc_approach,260278,63,current_predictor,5,0.8443945981562138,0.20305964890163875,0.316227766016784
controlled_npc_approach,260283,1,constant_position,5,0.8545075990259647,0.06828427124745469,0.1999999999999318
controlled_npc_approach,260283,1,current_predictor,5,0.8545075990259647,0.06828427124745469,0.1999999999999318
controlled_npc_approach,260283,63,constant_position,5,0.8545075990259647,0.25792985582215666,0.14142135623734164
controlled_npc_approach,260283,63,current_predictor,5,0.8545075990259647,0.25792985582215666,0.14142135623734164
controlled_npc_approach,260288,1,constant_position,5,0.8522034995257854,0.1414213562373095,0.14142135623726126
controlled_npc_approach,260288,1,current_predictor,5,0.8522034995257854,0.1414213562373095,0.14142135623726126
controlled_npc_approach,260288,63,constant_position,5,0.8522034995257854,0.264721359549989,0.0999999999999659
controlled_npc_approach,260288,63,current_predictor,5,0.8522034995257854,0.264721359549989,0.0999999999999659
controlled_npc_approach,260293,1,constant_position,5,0.8464797027409077,0.09999999999997726,0.10000000000002274
controlled_npc_approach,260293,1,current_predictor,5,0.8464797027409077,0.09999999999997726,0.10000000000002274
controlled_npc_approach,260293,63,constant_position,5,0.8464797027409077,0.19772699034742966,0.14142135623730148
controlled_npc_approach,260293,63,current_predictor,5,0.8464797027409077,0.19772699034742966,0.14142135623730148
controlled_npc_approach,260298,1,constant_position,5,0.8241278007626534,0.1282842712474456,0.14142135623734164
controlled_npc_approach,260298,1,current_predictor,5,0.8241278007626534,0.1282842712474456,0.14142135623734164
controlled_npc_approach,260298,63,constant_position,5,0.8241278007626534,0.2743872337198875,0.2828427124745628
controlled_npc_approach,260298,63,current_predictor,5,0.8241278007626534,0.2743872337198875,0.2828427124745628
controlled_npc_approach,260303,1,constant_position,5,0.8553260006010532,0.1282842712474456,0.0
controlled_npc_approach,260303,1,current_predictor,5,0.8553260006010532,0.1282842712474456,0.0
controlled_npc_approach,260303,63,constant_position,5,0.8553260006010532,0.3543872337198829,0.39999999999997726
controlled_npc_approach,260303,63,current_predictor,5,0.8553260006010532,0.3543872337198829,0.39999999999997726
controlled_npc_approach,260308,1,constant_position,5,0.855705201625824,0.12828427124740677,0.1999999999999318
controlled_npc_approach,260308,1,current_predictor,5,0.855705201625824,0.12828427124740677,0.1999999999999318
controlled_npc_approach,260308,63,constant_position,5,0.855705201625824,0.17625118400083362,0.31622776601680197
controlled_npc_approach,260308,63,current_predictor,5,0.855705201625824,0.17625118400083362,0.31622776601680197
controlled_npc_approach,260313,1,constant_position,5,0.8882518969476223,0.17300563079738734,0.22360679774990272
controlled_npc_approach,260313,1,current_predictor,5,0.8882518969476223,0.17300563079738734,0.22360679774990272
controlled_npc_approach,260313,63,constant_position,5,0.8882518969476223,0.24472135954999458,0.39999999999997726
controlled_npc_approach,260313,63,current_predictor,5,0.8882518969476223,0.24472135954999458,0.39999999999997726
controlled_npc_approach,260318,1,constant_position,5,0.9081507995724678,0.11656854249494226,0.14142135623734164
controlled_npc_approach,260318,1,current_predictor,5,0.9081507995724678,0.11656854249494226,0.14142135623734164
controlled_npc_approach,260318,63,constant_position,5,0.9081507995724678,0.20485281374237072,0.14142135623730148
controlled_npc_approach,260318,63,current_predictor,5,0.9081507995724678,0.20485281374237072,0.14142135623730148
controlled_npc_approach,260322,1,constant_position,5,0.9943030998110771,0.14128990204494155,0.10000000000002274
controlled_npc_approach,260322,1,current_predictor,5,0.9943030998110771,0.14128990204494155,0.10000000000002274
controlled_npc_approach,260322,63,constant_position,5,0.9943030998110771,0.22601126159489535,0.19999999999998863
controlled_npc_approach,260322,63,current_predictor,5,0.9943030998110771,0.22601126159489535,0.19999999999998863
controlled_npc_approach,260328,1,constant_position,5,0.9613087996840477,0.08000000000000682,0.10000000000002274
controlled_npc_approach,260328,1,current_predictor,5,0.9613087996840477,0.08000000000000682,0.10000000000002274
controlled_npc_approach,260328,63,constant_position,5,0.9613087996840477,0.30816977822806935,0.316227766016784
controlled_npc_approach,260328,63,current_predictor,5,0.9613087996840477,0.30816977822806935,0.316227766016784
controlled_npc_approach,260333,1,constant_position,5,0.9537803009152412,0.08000000000000682,0.0
controlled_npc_approach,260333,1,current_predictor,5,0.9537803009152412,0.08000000000000682,0.0
controlled_npc_approach,260333,63,constant_position,5,0.9537803009152412,0.15416407864994616,0.22360679774990272
controlled_npc_approach,260333,63,current_predictor,5,0.9537803009152412,0.15416407864994616,0.22360679774990272
controlled_npc_approach,260338,1,constant_position,5,0.9254772029817104,0.1482842712474421,0.0999999999999659
controlled_npc_approach,260338,1,current_predictor,5,0.9254772029817104,0.1482842712474421,0.0999999999999659
controlled_npc_approach,260338,63,constant_position,5,0.9254772029817104,0.1741640786499507,0.10000000000002274
controlled_npc_approach,260338,63,current_predictor,5,0.9254772029817104,0.1741640786499507,0.10000000000002274
controlled_npc_approach,260344,1,constant_position,5,0.8846879005432129,0.08828427124748198,0.10000000000002274
controlled_npc_approach,260344,1,current_predictor,5,0.8846879005432129,0.08828427124748198,0.10000000000002274
controlled_npc_approach,260344,63,constant_position,5,0.8846879005432129,0.11981409569824523,0.316227766016784
controlled_npc_approach,260344,63,current_predictor,5,0.8846879005432129,0.11981409569824523,0.316227766016784
controlled_npc_approach,260351,1,constant_position,5,0.8478576987981796,0.10828427124748652,0.10000000000002274
controlled_npc_approach,260351,1,current_predictor,5,0.8478576987981796,0.10828427124748652,0.10000000000002274
controlled_npc_approach,260351,63,constant_position,5,0.8478576987981796,0.11981409569824523,0.0
controlled_npc_approach,260351,63,current_predictor,5,0.8478576987981796,0.11981409569824523,0.0
controlled_npc_approach,260356,1,constant_position,5,0.8583244010806084,0.10000000000002274,0.10000000000002274
controlled_npc_approach,260356,1,current_predictor,5,0.8583244010806084,0.10000000000002274,0.10000000000002274
controlled_npc_approach,260356,63,constant_position,5,0.8583244010806084,0.09656854249489752,0.0
controlled_npc_approach,260356,63,current_predictor,5,0.8583244010806084,0.09656854249489752,0.0
controlled_npc_approach,260361,1,constant_position,5,0.8295846991240978,0.02000000000000455,0.10000000000002274
controlled_npc_approach,260361,1,current_predictor,5,0.8295846991240978,0.02000000000000455,0.10000000000002274
controlled_npc_approach,260361,63,constant_position,5,0.8295846991240978,0.11981409569824523,0.0
controlled_npc_approach,260361,63,current_predictor,5,0.8295846991240978,0.11981409569824523,0.0
controlled_npc_approach,260366,1,constant_position,5,0.8579043000936508,0.0400000000000091,0.10000000000002274
controlled_npc_approach,260366,1,current_predictor,5,0.8579043000936508,0.0400000000000091,0.10000000000002274
controlled_npc_approach,260366,63,constant_position,5,0.8579043000936508,0.12485281374234174,0.14142135623722107
controlled_npc_approach,260366,63,current_predictor,5,0.8579043000936508,0.12485281374234174,0.14142135623722107
controlled_npc_approach,260370,1,constant_position,5,0.8558743968605995,0.0400000000000091,0.0
controlled_npc_approach,260370,1,current_predictor,5,0.8558743968605995,0.0400000000000091,0.0
controlled_npc_approach,260370,63,constant_position,5,0.8558743968605995,0.30973665961007496,0.39999999999997726
controlled_npc_approach,260370,63,current_predictor,5,0.8558743968605995,0.30973665961007496,0.39999999999997726
controlled_npc_approach,260376,1,constant_position,5,0.8662470988929272,0.0400000000000091,0.0
controlled_npc_approach,260376,1,current_predictor,5,0.8662470988929272,0.0400000000000091,0.0
controlled_npc_approach,260376,63,constant_position,5,0.8662470988929272,0.07656854249490905,0.10000000000002274
controlled_npc_approach,260376,63,current_predictor,5,0.8662470988929272,0.07656854249490905,0.10000000000002274
controlled_npc_approach,260381,1,constant_position,5,0.8895079977810383,0.06828427124747742,0.14142135623734164
controlled_npc_approach,260381,1,current_predictor,5,0.8895079977810383,0.06828427124747742,0.14142135623734164
controlled_npc_approach,260381,63,constant_position,5,0.8895079977810383,0.18601126159483589,0.22360679774990272
controlled_npc_approach,260381,63,current_predictor,5,0.8895079977810383,0.18601126159483589,0.22360679774990272
controlled_npc_approach,260385,1,constant_position,5,0.9349687993526459,0.06000000000001364,0.0
controlled_npc_approach,260385,1,current_predictor,5,0.9349687993526459,0.06000000000001364,0.0
controlled_npc_approach,260385,63,constant_position,5,0.9349687993526459,0.10828427124747848,0.20000000000004547
controlled_npc_approach,260385,63,current_predictor,5,0.9349687993526459,0.10828427124747848,0.20000000000004547
controlled_npc_approach,260391,1,constant_position,5,0.9353186972439289,0.06000000000001364,0.0
controlled_npc_approach,260391,1,current_predictor,5,0.9353186972439289,0.06000000000001364,0.0
controlled_npc_approach,260391,63,constant_position,5,0.9353186972439289,0.10828427124747848,0.0
controlled_npc_approach,260391,63,current_predictor,5,0.9353186972439289,0.10828427124747848,0.0
controlled_npc_approach,260395,1,constant_position,5,0.9906436018645763,0.08828427124748198,0.10000000000002274
controlled_npc_approach,260395,1,current_predictor,5,0.9906436018645763,0.08828427124748198,0.10000000000002274
controlled_npc_approach,260395,63,constant_position,5,0.9906436018645763,0.12485281374236723,0.14142135623730148
controlled_npc_approach,260395,63,current_predictor,5,0.9906436018645763,0.12485281374236723,0.14142135623730148
controlled_npc_approach,260401,1,constant_position,5,0.9958651997148991,0.10828427124748652,0.10000000000002274
controlled_npc_approach,260401,1,current_predictor,5,0.9958651997148991,0.10828427124748652,0.10000000000002274
controlled_npc_approach,260401,63,constant_position,5,0.9958651997148991,0.06000000000001364,0.0
controlled_npc_approach,260401,63,current_predictor,5,0.9958651997148991,0.06000000000001364,0.0
controlled_npc_approach,260407,1,constant_position,5,0.9882422015070915,0.10828427124748652,0.14142135623734164
controlled_npc_approach,260407,1,current_predictor,5,0.9882422015070915,0.10828427124748652,0.14142135623734164
controlled_npc_approach,260407,63,constant_position,5,0.9882422015070915,0.10472135955000943,0.22360679774997896
controlled_npc_approach,260407,63,current_predictor,5,0.9882422015070915,0.10472135955000943,0.22360679774997896
controlled_npc_approach,260412,1,constant_position,5,1.0168079026043415,0.0400000000000091,0.10000000000002274
controlled_npc_approach,260412,1,current_predictor,5,1.0168079026043415,0.0400000000000091,0.10000000000002274
controlled_npc_approach,260412,63,constant_position,5,1.0168079026043415,0.18000000000002955,0.20000000000004547
controlled_npc_approach,260412,63,current_predictor,5,1.0168079026043415,0.18000000000002955,0.20000000000004547
controlled_npc_approach,260418,1,constant_position,5,1.0161800011992455,0.06000000000001364,0.10000000000002274
controlled_npc_approach,260418,1,current_predictor,5,1.0161800011992455,0.06000000000001364,0.10000000000002274
controlled_npc_approach,260418,63,constant_position,5,1.0161800011992455,0.09656854249492636,0.0999999999999659
controlled_npc_approach,260418,63,current_predictor,5,1.0161800011992455,0.09656854249492636,0.0999999999999659
controlled_npc_approach,260424,1,constant_position,5,0.9900306016206741,0.06000000000001364,0.0
controlled_npc_approach,260424,1,current_predictor,5,0.9900306016206741,0.06000000000001364,0.0
controlled_npc_approach,260424,63,constant_position,5,0.9900306016206741,0.1412899020449069,0.22360679774990272
controlled_npc_approach,260424,63,current_predictor,5,0.9900306016206741,0.1412899020449069,0.22360679774990272
controlled_npc_approach,260430,1,constant_position,5,1.0126735009253025,0.06000000000001364,0.0
controlled_npc_approach,260430,1,current_predictor,5,1.0126735009253025,0.06000000000001364,0.0
controlled_npc_approach,260430,63,constant_position,5,1.0126735009253025,0.18453545524827772,0.14142135623730148
controlled_npc_approach,260430,63,current_predictor,5,1.0126735009253025,0.18453545524827772,0.14142135623730148
controlled_npc_approach,260436,1,constant_position,5,1.0187478996813297,0.09656854249494576,0.0
controlled_npc_approach,260436,1,current_predictor,5,1.0187478996813297,0.09656854249494576,0.0
controlled_npc_approach,260436,63,constant_position,5,1.0187478996813297,0.2731947336572964,0.2236067977500298
controlled_npc_approach,260436,63,current_predictor,5,1.0187478996813297,0.2731947336572964,0.2236067977500298
controlled_npc_approach,260442,1,constant_position,5,1.0114419981837273,0.09656854249494576,0.14142135623734164
controlled_npc_approach,260442,1,current_predictor,5,1.0114419981837273,0.09656854249494576,0.14142135623734164
controlled_npc_approach,260442,63,constant_position,5,1.0114419981837273,0.1330056307974043,0.14142135623722107
controlled_npc_approach,260442,63,current_predictor,5,1.0114419981837273,0.1330056307974043,0.14142135623722107
controlled_npc_approach,260448,1,constant_position,5,0.9761030003428459,0.12485281374239801,0.14142135623726126
controlled_npc_approach,260448,1,current_predictor,5,0.9761030003428459,0.12485281374239801,0.14142135623726126
controlled_npc_approach,260448,63,constant_position,5,0.9761030003428459,0.07999999999997272,0.10000000000002274
controlled_npc_approach,260448,63,current_predictor,5,0.9761030003428459,0.07999999999997272,0.10000000000002274
controlled_npc_approach,260453,1,constant_position,5,0.9770325981080532,0.07999999999997272,0.09999999999990905
controlled_npc_approach,260453,1,current_predictor,5,0.9770325981080532,0.07999999999997272,0.09999999999990905
controlled_npc_approach,260453,63,constant_position,5,0.9770325981080532,0.18472135954994923,0.1999999999999318
controlled_npc_approach,260453,63,current_predictor,5,0.9770325981080532,0.18472135954994923,0.1999999999999318
controlled_npc_approach,260459,1,constant_position,5,0.909333199262619,0.07999999999997272,0.0
controlled_npc_approach,260459,1,current_predictor,5,0.909333199262619,0.07999999999997272,0.0
controlled_npc_approach,260459,63,constant_position,5,0.909333199262619,0.05999999999999091,0.10000000000002274
controlled_npc_approach,260459,63,current_predictor,5,0.909333199262619,0.05999999999999091,0.10000000000002274
controlled_npc_approach,260465,1,constant_position,5,0.8867939002811909,0.1282842712474456,0.14142135623734164
controlled_npc_approach,260465,1,current_predictor,5,0.8867939002811909,0.1282842712474456,0.14142135623734164
controlled_npc_approach,260465,63,constant_position,5,0.8867939002811909,0.1,0.20000000000004547
controlled_npc_approach,260465,63,current_predictor,5,0.8867939002811909,0.1,0.20000000000004547
controlled_npc_approach,260471,1,constant_position,5,0.8522269017994404,0.15656854249491392,0.14142135623734164
controlled_npc_approach,260471,1,current_predictor,5,0.8522269017994404,0.15656854249491392,0.14142135623734164
controlled_npc_approach,260471,63,constant_position,5,0.8522269017994404,0.21152982445076812,0.316227766016784
controlled_npc_approach,260471,63,current_predictor,5,0.8522269017994404,0.21152982445076812,0.316227766016784
controlled_npc_approach,260476,1,constant_position,5,0.8646477982401848,0.11656854249487267,0.1999999999999318
controlled_npc_approach,260476,1,current_predictor,5,0.8646477982401848,0.11656854249487267,0.1999999999999318
controlled_npc_approach,260476,63,constant_position,5,0.8646477982401848,0.19429553284239306,0.22360679774992814
controlled_npc_approach,260476,63,current_predictor,5,0.8646477982401848,0.19429553284239306,0.22360679774992814
controlled_npc_approach,260481,1,constant_position,5,0.8273812010884285,0.14485281374232492,0.14142135623726126
controlled_npc_approach,260481,1,current_predictor,5,0.8273812010884285,0.14485281374232492,0.14142135623726126
controlled_npc_approach,260481,63,constant_position,5,0.8273812010884285,0.1777269903474596,0.2236067977500044
controlled_npc_approach,260481,63,current_predictor,5,0.8273812010884285,0.1777269903474596,0.2236067977500044
controlled_npc_approach,260486,1,constant_position,5,0.860588401556015,0.10000000000002274,0.10000000000002274
controlled_npc_approach,260486,1,current_predictor,5,0.860588401556015,0.10000000000002274,0.10000000000002274
controlled_npc_approach,260486,63,constant_position,5,0.860588401556015,0.16128990204489205,0.1999999999999318
controlled_npc_approach,260486,63,current_predictor,5,0.860588401556015,0.16128990204489205,0.1999999999999318
controlled_npc_approach,260491,1,constant_position,5,0.8243287988007069,0.04828427124747288,0.10000000000002274
controlled_npc_approach,260491,1,current_predictor,5,0.8243287988007069,0.04828427124747288,0.10000000000002274
controlled_npc_approach,260491,63,constant_position,5,0.8243287988007069,0.16324555320333406,0.0
controlled_npc_approach,260491,63,current_predictor,5,0.8243287988007069,0.16324555320333406,0.0
controlled_npc_approach,260496,1,constant_position,5,0.8830109983682632,0.0765685424949412,0.14142135623734164
controlled_npc_approach,260496,1,current_predictor,5,0.8830109983682632,0.0765685424949412,0.14142135623734164
controlled_npc_approach,260496,63,constant_position,5,0.8830109983682632,0.16324555320333406,0.0999999999999659
controlled_npc_approach,260496,63,current_predictor,5,0.8830109983682632,0.16324555320333406,0.0999999999999659
controlled_npc_approach,260501,1,constant_position,5,0.9001949019730091,0.0765685424949412,0.0
controlled_npc_approach,260501,1,current_predictor,5,0.9001949019730091,0.0765685424949412,0.0
controlled_npc_approach,260501,63,constant_position,5,0.9001949019730091,0.23477537765414191,0.14142135623722107
controlled_npc_approach,260501,63,current_predictor,5,0.9001949019730091,0.23477537765414191,0.14142135623722107
controlled_npc_approach,260505,1,constant_position,5,0.9429390989243984,0.10485281374239346,0.14142135623726126
controlled_npc_approach,260505,1,current_predictor,5,0.9429390989243984,0.10485281374239346,0.14142135623726126
controlled_npc_approach,260505,63,constant_position,5,0.9429390989243984,0.19268827230333982,0.22360679774997896
controlled_npc_approach,260505,63,current_predictor,5,0.9429390989243984,0.19268827230333982,0.22360679774997896
controlled_npc_approach,260511,1,constant_position,5,0.9111813008785248,0.13313708498984572,0.14142135623726126
controlled_npc_approach,260511,1,current_predictor,5,0.9111813008785248,0.13313708498984572,0.14142135623726126
controlled_npc_approach,260511,63,constant_position,5,0.9111813008785248,0.2247213595499356,0.1999999999999318
controlled_npc_approach,260511,63,current_predictor,5,0.9111813008785248,0.2247213595499356,0.1999999999999318
controlled_npc_approach,260515,1,constant_position,5,0.9406947009265423,0.09999999999995453,0.09999999999990905
controlled_npc_approach,260515,1,current_predictor,5,0.9406947009265423,0.09999999999995453,0.09999999999990905
controlled_npc_approach,260515,63,constant_position,5,0.9406947009265423,0.10828427124748652,0.10000000000002274
controlled_npc_approach,260515,63,current_predictor,5,0.9406947009265423,0.10828427124748652,0.10000000000002274
controlled_npc_approach,260521,1,constant_position,5,0.8817017003893852,0.1482842712474274,0.14142135623734164
controlled_npc_approach,260521,1,current_predictor,5,0.8817017003893852,0.1482842712474274,0.14142135623734164
controlled_npc_approach,260521,63,constant_position,5,0.8817017003893852,0.12828427124749106,0.10000000000002274
controlled_npc_approach,260521,63,current_predictor,5,0.8817017003893852,0.12828427124749106,0.10000000000002274
controlled_npc_approach,260527,1,constant_position,5,0.8904013000428677,0.193005630797413,0.22360679774992814
controlled_npc_approach,260527,1,current_predictor,5,0.8904013000428677,0.193005630797413,0.22360679774992814
controlled_npc_approach,260527,63,constant_position,5,0.8904013000428677,0.11300563079748338,0.0
controlled_npc_approach,260527,63,current_predictor,5,0.8904013000428677,0.11300563079748338,0.0
